{
  "algorithm": "potLLL",
  "dimension": 50,
  "seed": 0,
  "timestamp": "2026-02-05T18:15:20.024038",
  "best_params": {
    "delta": 0.5755361914634705
  },
  "best_time": 0.00788736343383789,
  "best_norm": 2009.5011818856938,
  "best_objective": 0.0,
  "total_evaluations": 40
}