{
  "algorithm": "LLL",
  "dimension": 40,
  "seed": 0,
  "timestamp": "2026-02-01T22:12:45.176868",
  "best_params": {
    "delta": 0.5224801301956177
  },
  "best_time": 0.0012750625610351562,
  "best_norm": 1881.014885640196,
  "best_objective": 0.7,
  "total_evaluations": 40
}