{
  "algorithm": "deepLLL",
  "dimension": 40,
  "seed": 0,
  "timestamp": "2026-02-05T17:19:18.316539",
  "best_params": {
    "delta": 0.8599121125543154
  },
  "best_time": 0.0025911331176757812,
  "best_norm": 1709.173484465518,
  "best_objective": 0.0087858928892448,
  "total_evaluations": 40
}