{
  "algorithm": "deepLLL",
  "dimension": 40,
  "seed": 0,
  "timestamp": "2026-02-01T22:36:29.274295",
  "best_params": {
    "delta": 0.8571575332027661
  },
  "best_time": 0.002552509307861328,
  "best_norm": 1709.173484465518,
  "best_objective": 0.02981142857142857,
  "total_evaluations": 40
}