{
  "algorithm": "deepLLL",
  "dimension": 50,
  "seed": 0,
  "timestamp": "2026-02-05T18:13:12.345708",
  "best_params": {
    "delta": 0.9826859142295903
  },
  "best_time": 0.060518503189086914,
  "best_norm": 1908.0387836729105,
  "best_objective": 0.054025640050366384,
  "total_evaluations": 40
}