{
  "algorithm": "dualPotLLL",
  "dimension": 60,
  "seed": 0,
  "timestamp": "2026-02-03T21:03:02.041329",
  "best_params": {
    "delta": 0.886179690483965
  },
  "best_time": 0.08749914169311523,
  "best_norm": 2221.5071460609797,
  "best_objective": 0.12153690053766171,
  "total_evaluations": 40
}