{
  "algorithm": "L2",
  "dimension": 50,
  "seed": 0,
  "timestamp": "2026-02-01T21:43:13.815981",
  "best_params": {
    "eta": 0.5605388879776001,
    "delta": 0.9519783854484558
  },
  "best_time": Infinity,
  "best_norm": Infinity,
  "best_objective": 10.0,
  "total_evaluations": 1
}