{
  "algorithm": "dualPotLLL",
  "dimension": 50,
  "seed": 0,
  "timestamp": "2026-02-05T18:19:33.763021",
  "best_params": {
    "delta": 0.5159142017364502
  },
  "best_time": 0.018674850463867188,
  "best_norm": 2075.0154216294395,
  "best_objective": 0.0,
  "total_evaluations": 40
}