{
  "algorithm": "deepLLL",
  "dimension": 50,
  "seed": 0,
  "timestamp": "2026-02-01T23:12:15.120955",
  "best_params": {
    "delta": 0.9949065904234624
  },
  "best_time": 0.05035877227783203,
  "best_norm": 1908.0387836729105,
  "best_objective": 0.07901886940488799,
  "total_evaluations": 40
}