{
  "algorithm": "dualBKZ",
  "dimension": 80,
  "seed": 0,
  "timestamp": "2026-02-02T19:16:03.059351",
  "best_params": {
    "beta": 78.0,
    "delta": 0.9885063767433167
  },
  "best_time": 0.012026786804199219,
  "best_norm": 4571.5785020056255,
  "best_objective": 0.5,
  "total_evaluations": 6
}