{
  "algorithm": "BKZ",
  "dimension": 50,
  "seed": 0,
  "timestamp": "2026-02-01T23:34:24.638518",
  "best_params": {
    "beta": 23.0,
    "delta": 0.6792117357254028
  },
  "best_time": 1.3868706226348877,
  "best_norm": 1908.0387836729105,
  "best_objective": 0.03342450573785545,
  "total_evaluations": 40
}