{
  "algorithm": "L2",
  "dimension": 40,
  "seed": 0,
  "timestamp": "2026-02-01T20:21:59.250329",
  "best_params": {
    "eta": 0.8261218070983887,
    "delta": 0.9251244068145752
  },
  "best_time": 0.0006625652313232422,
  "best_norm": 1881.014885640196,
  "best_objective": 0.7,
  "total_evaluations": 28
}