{
  "algorithm": "LLL",
  "dimension": 50,
  "seed": 9,
  "timestamp": "2026-02-02T18:51:21.296306",
  "best_params": {
    "delta": 0.9999994588346778
  },
  "best_time": 0.0024518966674804688,
  "best_norm": 2385.984073710468,
  "best_objective": 0.30018674136321194,
  "total_evaluations": 40
}