{
  "algorithm": "L2",
  "dimension": 40,
  "seed": 0,
  "timestamp": "2026-02-01T20:37:22.381186",
  "best_params": {
    "eta": 0.7616592343378558,
    "delta": 0.7690164141452536
  },
  "best_time": 0.0006539821624755859,
  "best_norm": 1881.014885640196,
  "best_objective": 0.7,
  "total_evaluations": 28
}