{
  "algorithm": "fplll_self_dual_BKZ",
  "dimension": 70,
  "seed": 0,
  "timestamp": "2026-02-05T20:50:36.803705",
  "best_params": {
    "beta": 60
  },
  "best_time": 9.097379446029663,
  "best_norm": 2142.602856340857,
  "best_objective": 0.018660441711073072,
  "total_evaluations": 40
}