{
  "algorithm": "L2",
  "dimension": 40,
  "seed": 0,
  "timestamp": "2026-02-01T21:43:13.810574",
  "best_params": {
    "eta": 0.9916879534721375,
    "delta": 0.8249415159225464
  },
  "best_time": Infinity,
  "best_norm": Infinity,
  "best_objective": 10.0,
  "total_evaluations": 1
}