{
  "algorithm": "L2",
  "dimension": 50,
  "seed": 0,
  "timestamp": "2026-02-01T22:04:03.641972",
  "best_params": {
    "eta": 0.71827232837677,
    "delta": 0.5491654872894287
  },
  "best_time": 0.0011386871337890625,
  "best_norm": 2075.0154216294395,
  "best_objective": 0.6,
  "total_evaluations": 40
}