{
  "algorithm": "dualDeepLLL",
  "dimension": 50,
  "seed": 0,
  "timestamp": "2026-02-05T18:17:27.041822",
  "best_params": {
    "delta": 0.5800902259432134
  },
  "best_time": 0.0029773712158203125,
  "best_norm": 2075.0154216294395,
  "best_objective": 0.0,
  "total_evaluations": 40
}