{
  "algorithm": "fplll_BKZ2.0",
  "dimension": 50,
  "seed": 0,
  "timestamp": "2026-02-05T17:30:16.804434",
  "best_params": {
    "beta": 43
  },
  "best_time": 0.21925997734069824,
  "best_norm": 1893.169828620771,
  "best_objective": 0.04638587427020064,
  "total_evaluations": 40
}