{
  "algorithm": "deepBKZ",
  "dimension": 60,
  "seed": 0,
  "timestamp": "2026-02-05T19:49:24.825285",
  "best_params": {
    "beta": 32.0,
    "delta": 0.5213525093537126
  },
  "best_time": 12.918166399002075,
  "best_norm": 1943.4008850466237,
  "best_objective": 0.006158792345338557,
  "total_evaluations": 40
}