{
  "algorithm": "L2",
  "dimension": 50,
  "seed": 0,
  "timestamp": "2026-02-01T23:27:00.787526",
  "best_params": {
    "eta": 0.7463110089302063,
    "delta": 0.9806007146835327
  },
  "best_time": 0.0011506080627441406,
  "best_norm": 2075.0154216294395,
  "best_objective": 0.6,
  "total_evaluations": 40
}