{
  "dimensions": [
    40,
    50,
    60,
    70,
    80,
    90,
    100
  ],
  "times": {
    "LLL": [
      0.0012998580932617188,
      0.002302885055541992,
      0.0037336349487304688,
      0.005708456039428711,
      0.008146047592163086,
      0.011322975158691406,
      0.015156269073486328
    ],
    "BKZ": [
      0.31988954544067383,
      0.8468101024627686,
      5.146299362182617,
      15.328784942626953,
      62.854135274887085,
      67.35198950767517,
      921.689121723175
    ],
    "L2": [
      0.0006937980651855469,
      0.0025336742401123047,
      0.001880645751953125,
      0.0027379989624023438,
      0.0038535594940185547,
      0.0052525997161865234,
      0.007092714309692383
    ],
    "deepLLL": [
      0.037790775299072266,
      0.21585536003112793,
      0.8835535049438477,
      4.1116697788238525,
      14.212094068527222,
      71.49169898033142,
      317.1016924381256
    ],
    "potLLL": [
      0.006139993667602539,
      0.021567583084106445,
      0.03388643264770508,
      0.129380464553833,
      0.2258133888244629,
      0.42627620697021484,
      0.8123419284820557
    ],
    "dualLLL": [
      0.0015971660614013672,
      0.002942323684692383,
      0.004966020584106445,
      0.0075838565826416016,
      0.011339426040649414,
      0.015946388244628906,
      0.02169060707092285
    ],
    "dualDeepLLL": [
      0.08652281761169434,
      0.7632803916931152,
      5.409010171890259,
      22.24189591407776,
      92.89375686645508,
      278.88221192359924,
      1664.2026314735413
    ],
    "dualPotLLL": [
      0.016279935836791992,
      0.06051516532897949,
      0.09243369102478027,
      0.4043252468109131,
      0.5816500186920166,
      1.2960915565490723,
      2.7284159660339355
    ],
    "dualBKZ": [
      0.001692056655883789,
      0.003129720687866211,
      0.0061893463134765625,
      0.008088111877441406,
      0.012064456939697266,
      0.01720261573791504,
      0.023106098175048828
    ],
    "deepBKZ": [
      0.03773164749145508,
      0.216583251953125,
      0.9723803997039795,
      4.11647629737854,
      14.221293210983276,
      71.56670379638672,
      319.8703362941742
    ],
    "dualDeepBKZ": [
      0.08673930168151855,
      0.7647900581359863,
      5.458162069320679,
      22.635363340377808,
      92.93987464904785,
      279.805832862854,
      1705.3804502487183
    ],
    "potBKZ": [
      0.007889032363891602,
      0.02216815948486328,
      0.05825209617614746,
      0.10364675521850586,
      0.19437408447265625,
      0.47328639030456543,
      0.9114358425140381
    ],
    "fplll_BKZ2.0": [
      0.07293438911437988,
      0.16909265518188477,
      0.34241318702697754,
      0.4809763431549072,
      0.768728494644165,
      1.0912997722625732,
      1.6711320877075195
    ],
    "fplll_self_dual_BKZ": [
      0.06750059127807617,
      0.11959958076477051,
      0.17916131019592285,
      0.23455309867858887,
      0.32090020179748535,
      0.4683420658111572,
      0.6005733013153076
    ]
  },
  "norms": {
    "LLL": [
      1897.380562775955,
      2331.899440370446,
      3200.007656240841,
      3932.6070233370638,
      4289.155161567369,
      5887.143874579591,
      8560.455653760493
    ],
    "BKZ": [
      1734.8426441611355,
      1864.3583346556532,
      2109.604702307994,
      2327.5624588826827,
      2567.9896806646243,
      3035.632388811267,
      3172.1272042589967
    ],
    "L2": [
      1897.380562775955,
      2331.899440370446,
      3200.007656240841,
      3932.6070233370638,
      4289.155161567369,
      5887.143874579591,
      8560.455653760493
    ],
    "deepLLL": [
      1734.8426441611355,
      1879.721787925011,
      2085.6291616680087,
      2260.4156697386434,
      2526.0999584339493,
      2864.9436294628904,
      3050.9208445975783
    ],
    "potLLL": [
      1832.7902225841342,
      2283.702476243348,
      2586.2716407987773,
      2482.9381788518217,
      3139.812892514457,
      3974.031957596718,
      4539.899778629479
    ],
    "dualLLL": [
      1897.380562775955,
      2331.899440370446,
      3200.007656240841,
      3932.6070233370638,
      4289.155161567369,
      5887.143874579591,
      8560.455653760493
    ],
    "dualDeepLLL": [
      2030.2581116695483,
      1918.0464019413087,
      2242.3498834927614,
      2595.2940103194474,
      2473.702488174356,
      3113.4941785717215,
      3764.745011285625
    ],
    "dualPotLLL": [
      1897.380562775955,
      2194.469184108084,
      2878.215593036769,
      2708.2773122411227,
      3207.3853837666593,
      4174.047196666564,
      4420.176580183194
    ],
    "dualBKZ": [
      1897.380562775955,
      2331.899440370446,
      3200.007656240841,
      3932.6070233370638,
      4289.155161567369,
      5887.143874579591,
      8560.455653760493
    ],
    "deepBKZ": [
      1734.8426441611355,
      1879.721787925011,
      2085.6291616680087,
      2260.4156697386434,
      2526.0999584339493,
      2864.9436294628904,
      3050.9208445975783
    ],
    "dualDeepBKZ": [
      2030.2581116695483,
      1918.0464019413087,
      2242.3498834927614,
      2595.2940103194474,
      2473.702488174356,
      3113.4941785717215,
      3764.745011285625
    ],
    "potBKZ": [
      1832.7902225841342,
      2101.321251022794,
      2183.2498711782855,
      2610.4627942186803,
      3359.302755037122,
      3441.4656761327724,
      4399.933408586998
    ],
    "fplll_BKZ2.0": [
      1747.1385176911417,
      1864.3583346556532,
      2027.3295242757158,
      2238.8170983803034,
      2818.726485489502,
      3347.5287900180933,
      3683.6194157377336
    ],
    "fplll_self_dual_BKZ": [
      1897.380562775955,
      1918.0464019413087,
      2196.6412998029514,
      2443.1796904853313,
      2942.9957526303024,
      2929.7827564514064,
      3830.2178789202057
    ]
  }
}